[
  {
    "id": "fbbd9176-bc93-4bd8-80c7-b573c6f21a85",
    "company_name": "Test GmbH",
    "contact_person": "Max Mustermann",
    "address_line1": "Musterstraße 123",
    "address_line2": "",
    "postal_code": "12345",
    "city": "Musterstadt",
    "country": "Deutschland",
    "phone": "0123456789",
    "email": "test@example.com",
    "vat_id": "",
    "customer_number": "K0001",
    "delivery_company": "",
    "delivery_address_line1": "",
    "delivery_address_line2": "",
    "delivery_postal_code": "",
    "delivery_city": "",
    "delivery_country": "Deutschland"
  }
]