[
  {
    "id": "72a00253-237d-48e3-a2d9-bd29cbc209e2",
    "document_type": "Rechnung",
    "invoice_number": "123",
    "invoice_date": "2025-09-07T00:00:00",
    "service_date": "2025-09-07T00:00:00",
    "customer": {
      "id": "fbbd9176-bc93-4bd8-80c7-b573c6f21a85",
      "company_name": "Test GmbH",
      "contact_person": "Max Mustermann",
      "address_line1": "Musterstraße 123",
      "address_line2": "",
      "postal_code": "12345",
      "city": "Musterstadt",
      "country": "Deutschland",
      "phone": "0123456789",
      "email": "test@example.com",
      "vat_id": "",
      "customer_number": "K0001",
      "delivery_company": "",
      "delivery_address_line1": "",
      "delivery_address_line2": "",
      "delivery_postal_code": "",
      "delivery_city": "",
      "delivery_country": "Deutschland"
    },
    "positions": [
      {
        "position_number": 1,
        "description": "test",
        "quantity": "1.00",
        "unit": "Stk.",
        "unit_price": "0.00",
        "discount_percent": "0.0",
        "tax_rate": "0.19"
      }
    ],
    "payment_terms_days": 14,
    "discount_days": 0,
    "discount_percent": "0.00",
    "header_text": "",
    "footer_text": "",
    "payment_info_text": "",
    "is_paid": true,
    "payment_date": null,
    "payment_status": "Offen",
    "reference_invoice_id": "",
    "offer_number": ""
  }
]